"id_comm";"id_study"
"Baeten et al. 2010_Baeten Belgium vegetation recovery_p10_NA";"PR_Baeten et al. 2010_Baeten Belgium vegetation recovery"
"Baeten et al. 2010_Baeten Belgium vegetation recovery_p11_NA";"PR_Baeten et al. 2010_Baeten Belgium vegetation recovery"
"Baeten et al. 2010_Baeten Belgium vegetation recovery_p12_NA";"PR_Baeten et al. 2010_Baeten Belgium vegetation recovery"
"Baeten et al. 2010_Baeten Belgium vegetation recovery_p13_NA";"PR_Baeten et al. 2010_Baeten Belgium vegetation recovery"
"Baeten et al. 2010_Baeten Belgium vegetation recovery_p14_NA";"PR_Baeten et al. 2010_Baeten Belgium vegetation recovery"
"Baeten et al. 2010_Baeten Belgium vegetation recovery_p15_NA";"PR_Baeten et al. 2010_Baeten Belgium vegetation recovery"
"Baeten et al. 2010_Baeten Belgium vegetation recovery_p16_NA";"PR_Baeten et al. 2010_Baeten Belgium vegetation recovery"
"Baeten et al. 2010_Baeten Belgium vegetation recovery_p17_NA";"PR_Baeten et al. 2010_Baeten Belgium vegetation recovery"
"Baeten et al. 2010_Baeten Belgium vegetation recovery_p18_NA";"PR_Baeten et al. 2010_Baeten Belgium vegetation recovery"
"Baeten et al. 2010_Baeten Belgium vegetation recovery_p19_NA";"PR_Baeten et al. 2010_Baeten Belgium vegetation recovery"
"Baeten et al. 2010_Baeten Belgium vegetation recovery_p1_NA";"PR_Baeten et al. 2010_Baeten Belgium vegetation recovery"
"Baeten et al. 2010_Baeten Belgium vegetation recovery_p20_NA";"PR_Baeten et al. 2010_Baeten Belgium vegetation recovery"
"Baeten et al. 2010_Baeten Belgium vegetation recovery_p21_NA";"PR_Baeten et al. 2010_Baeten Belgium vegetation recovery"
"Baeten et al. 2010_Baeten Belgium vegetation recovery_p22_NA";"PR_Baeten et al. 2010_Baeten Belgium vegetation recovery"
"Baeten et al. 2010_Baeten Belgium vegetation recovery_p23_NA";"PR_Baeten et al. 2010_Baeten Belgium vegetation recovery"
"Baeten et al. 2010_Baeten Belgium vegetation recovery_p24_NA";"PR_Baeten et al. 2010_Baeten Belgium vegetation recovery"
"Baeten et al. 2010_Baeten Belgium vegetation recovery_p25_NA";"PR_Baeten et al. 2010_Baeten Belgium vegetation recovery"
"Baeten et al. 2010_Baeten Belgium vegetation recovery_p26_NA";"PR_Baeten et al. 2010_Baeten Belgium vegetation recovery"
"Baeten et al. 2010_Baeten Belgium vegetation recovery_p27_NA";"PR_Baeten et al. 2010_Baeten Belgium vegetation recovery"
"Baeten et al. 2010_Baeten Belgium vegetation recovery_p28_NA";"PR_Baeten et al. 2010_Baeten Belgium vegetation recovery"
"Baeten et al. 2010_Baeten Belgium vegetation recovery_p29_NA";"PR_Baeten et al. 2010_Baeten Belgium vegetation recovery"
"Baeten et al. 2010_Baeten Belgium vegetation recovery_p2_NA";"PR_Baeten et al. 2010_Baeten Belgium vegetation recovery"
"Baeten et al. 2010_Baeten Belgium vegetation recovery_p30_NA";"PR_Baeten et al. 2010_Baeten Belgium vegetation recovery"
"Baeten et al. 2010_Baeten Belgium vegetation recovery_p31_NA";"PR_Baeten et al. 2010_Baeten Belgium vegetation recovery"
"Baeten et al. 2010_Baeten Belgium vegetation recovery_p32_NA";"PR_Baeten et al. 2010_Baeten Belgium vegetation recovery"
"Baeten et al. 2010_Baeten Belgium vegetation recovery_p33_NA";"PR_Baeten et al. 2010_Baeten Belgium vegetation recovery"
"Baeten et al. 2010_Baeten Belgium vegetation recovery_p34_NA";"PR_Baeten et al. 2010_Baeten Belgium vegetation recovery"
"Baeten et al. 2010_Baeten Belgium vegetation recovery_p35_NA";"PR_Baeten et al. 2010_Baeten Belgium vegetation recovery"
"Baeten et al. 2010_Baeten Belgium vegetation recovery_p36_NA";"PR_Baeten et al. 2010_Baeten Belgium vegetation recovery"
"Baeten et al. 2010_Baeten Belgium vegetation recovery_p37_NA";"PR_Baeten et al. 2010_Baeten Belgium vegetation recovery"
"Baeten et al. 2010_Baeten Belgium vegetation recovery_p38_NA";"PR_Baeten et al. 2010_Baeten Belgium vegetation recovery"
"Baeten et al. 2010_Baeten Belgium vegetation recovery_p39_NA";"PR_Baeten et al. 2010_Baeten Belgium vegetation recovery"
"Baeten et al. 2010_Baeten Belgium vegetation recovery_p3_NA";"PR_Baeten et al. 2010_Baeten Belgium vegetation recovery"
"Baeten et al. 2010_Baeten Belgium vegetation recovery_p40_NA";"PR_Baeten et al. 2010_Baeten Belgium vegetation recovery"
"Baeten et al. 2010_Baeten Belgium vegetation recovery_p41_NA";"PR_Baeten et al. 2010_Baeten Belgium vegetation recovery"
"Baeten et al. 2010_Baeten Belgium vegetation recovery_p42_NA";"PR_Baeten et al. 2010_Baeten Belgium vegetation recovery"
"Baeten et al. 2010_Baeten Belgium vegetation recovery_p43_NA";"PR_Baeten et al. 2010_Baeten Belgium vegetation recovery"
"Baeten et al. 2010_Baeten Belgium vegetation recovery_p44_NA";"PR_Baeten et al. 2010_Baeten Belgium vegetation recovery"
"Baeten et al. 2010_Baeten Belgium vegetation recovery_p45_NA";"PR_Baeten et al. 2010_Baeten Belgium vegetation recovery"
"Baeten et al. 2010_Baeten Belgium vegetation recovery_p46_NA";"PR_Baeten et al. 2010_Baeten Belgium vegetation recovery"
"Baeten et al. 2010_Baeten Belgium vegetation recovery_p47_NA";"PR_Baeten et al. 2010_Baeten Belgium vegetation recovery"
"Baeten et al. 2010_Baeten Belgium vegetation recovery_p48_NA";"PR_Baeten et al. 2010_Baeten Belgium vegetation recovery"
"Baeten et al. 2010_Baeten Belgium vegetation recovery_p49_NA";"PR_Baeten et al. 2010_Baeten Belgium vegetation recovery"
"Baeten et al. 2010_Baeten Belgium vegetation recovery_p4_NA";"PR_Baeten et al. 2010_Baeten Belgium vegetation recovery"
"Baeten et al. 2010_Baeten Belgium vegetation recovery_p50_NA";"PR_Baeten et al. 2010_Baeten Belgium vegetation recovery"
"Baeten et al. 2010_Baeten Belgium vegetation recovery_p51_NA";"PR_Baeten et al. 2010_Baeten Belgium vegetation recovery"
"Baeten et al. 2010_Baeten Belgium vegetation recovery_p52_NA";"PR_Baeten et al. 2010_Baeten Belgium vegetation recovery"
"Baeten et al. 2010_Baeten Belgium vegetation recovery_p53_NA";"PR_Baeten et al. 2010_Baeten Belgium vegetation recovery"
"Baeten et al. 2010_Baeten Belgium vegetation recovery_p54_NA";"PR_Baeten et al. 2010_Baeten Belgium vegetation recovery"
"Baeten et al. 2010_Baeten Belgium vegetation recovery_p55_NA";"PR_Baeten et al. 2010_Baeten Belgium vegetation recovery"
"Baeten et al. 2010_Baeten Belgium vegetation recovery_p56_NA";"PR_Baeten et al. 2010_Baeten Belgium vegetation recovery"
"Baeten et al. 2010_Baeten Belgium vegetation recovery_p57_NA";"PR_Baeten et al. 2010_Baeten Belgium vegetation recovery"
"Baeten et al. 2010_Baeten Belgium vegetation recovery_p58_NA";"PR_Baeten et al. 2010_Baeten Belgium vegetation recovery"
"Baeten et al. 2010_Baeten Belgium vegetation recovery_p59_NA";"PR_Baeten et al. 2010_Baeten Belgium vegetation recovery"
"Baeten et al. 2010_Baeten Belgium vegetation recovery_p5_NA";"PR_Baeten et al. 2010_Baeten Belgium vegetation recovery"
"Baeten et al. 2010_Baeten Belgium vegetation recovery_p60_NA";"PR_Baeten et al. 2010_Baeten Belgium vegetation recovery"
"Baeten et al. 2010_Baeten Belgium vegetation recovery_p61_NA";"PR_Baeten et al. 2010_Baeten Belgium vegetation recovery"
"Baeten et al. 2010_Baeten Belgium vegetation recovery_p62_NA";"PR_Baeten et al. 2010_Baeten Belgium vegetation recovery"
"Baeten et al. 2010_Baeten Belgium vegetation recovery_p63_NA";"PR_Baeten et al. 2010_Baeten Belgium vegetation recovery"
"Baeten et al. 2010_Baeten Belgium vegetation recovery_p64_NA";"PR_Baeten et al. 2010_Baeten Belgium vegetation recovery"
"Baeten et al. 2010_Baeten Belgium vegetation recovery_p65_NA";"PR_Baeten et al. 2010_Baeten Belgium vegetation recovery"
"Baeten et al. 2010_Baeten Belgium vegetation recovery_p66_NA";"PR_Baeten et al. 2010_Baeten Belgium vegetation recovery"
"Baeten et al. 2010_Baeten Belgium vegetation recovery_p67_NA";"PR_Baeten et al. 2010_Baeten Belgium vegetation recovery"
"Baeten et al. 2010_Baeten Belgium vegetation recovery_p68_NA";"PR_Baeten et al. 2010_Baeten Belgium vegetation recovery"
"Baeten et al. 2010_Baeten Belgium vegetation recovery_p69_NA";"PR_Baeten et al. 2010_Baeten Belgium vegetation recovery"
"Baeten et al. 2010_Baeten Belgium vegetation recovery_p6_NA";"PR_Baeten et al. 2010_Baeten Belgium vegetation recovery"
"Baeten et al. 2010_Baeten Belgium vegetation recovery_p70_NA";"PR_Baeten et al. 2010_Baeten Belgium vegetation recovery"
"Baeten et al. 2010_Baeten Belgium vegetation recovery_p71_NA";"PR_Baeten et al. 2010_Baeten Belgium vegetation recovery"
"Baeten et al. 2010_Baeten Belgium vegetation recovery_p7_NA";"PR_Baeten et al. 2010_Baeten Belgium vegetation recovery"
"Baeten et al. 2010_Baeten Belgium vegetation recovery_p8_NA";"PR_Baeten et al. 2010_Baeten Belgium vegetation recovery"
"Baeten et al. 2010_Baeten Belgium vegetation recovery_p9_NA";"PR_Baeten et al. 2010_Baeten Belgium vegetation recovery"
"Baeten et al. 2010a_Ancient and post agricultural forests_Belgium_p100_NA";"PR_Baeten et al. 2010a_Ancient and post agricultural forests_Belgium"
"Baeten et al. 2010a_Ancient and post agricultural forests_Belgium_p1011_NA";"PR_Baeten et al. 2010a_Ancient and post agricultural forests_Belgium"
"Baeten et al. 2010a_Ancient and post agricultural forests_Belgium_p102_NA";"PR_Baeten et al. 2010a_Ancient and post agricultural forests_Belgium"
"Baeten et al. 2010a_Ancient and post agricultural forests_Belgium_p103_NA";"PR_Baeten et al. 2010a_Ancient and post agricultural forests_Belgium"
"Baeten et al. 2010a_Ancient and post agricultural forests_Belgium_p106_NA";"PR_Baeten et al. 2010a_Ancient and post agricultural forests_Belgium"
"Baeten et al. 2010a_Ancient and post agricultural forests_Belgium_p107_NA";"PR_Baeten et al. 2010a_Ancient and post agricultural forests_Belgium"
"Baeten et al. 2010a_Ancient and post agricultural forests_Belgium_p109_NA";"PR_Baeten et al. 2010a_Ancient and post agricultural forests_Belgium"
"Baeten et al. 2010a_Ancient and post agricultural forests_Belgium_p10_NA";"PR_Baeten et al. 2010a_Ancient and post agricultural forests_Belgium"
"Baeten et al. 2010a_Ancient and post agricultural forests_Belgium_p110_NA";"PR_Baeten et al. 2010a_Ancient and post agricultural forests_Belgium"
"Baeten et al. 2010a_Ancient and post agricultural forests_Belgium_p115_NA";"PR_Baeten et al. 2010a_Ancient and post agricultural forests_Belgium"
"Baeten et al. 2010a_Ancient and post agricultural forests_Belgium_p119_NA";"PR_Baeten et al. 2010a_Ancient and post agricultural forests_Belgium"
"Baeten et al. 2010a_Ancient and post agricultural forests_Belgium_p11_NA";"PR_Baeten et al. 2010a_Ancient and post agricultural forests_Belgium"
"Baeten et al. 2010a_Ancient and post agricultural forests_Belgium_p123_NA";"PR_Baeten et al. 2010a_Ancient and post agricultural forests_Belgium"
"Baeten et al. 2010a_Ancient and post agricultural forests_Belgium_p125_NA";"PR_Baeten et al. 2010a_Ancient and post agricultural forests_Belgium"
"Baeten et al. 2010a_Ancient and post agricultural forests_Belgium_p126_NA";"PR_Baeten et al. 2010a_Ancient and post agricultural forests_Belgium"
"Baeten et al. 2010a_Ancient and post agricultural forests_Belgium_p128_NA";"PR_Baeten et al. 2010a_Ancient and post agricultural forests_Belgium"
"Baeten et al. 2010a_Ancient and post agricultural forests_Belgium_p12_NA";"PR_Baeten et al. 2010a_Ancient and post agricultural forests_Belgium"
"Baeten et al. 2010a_Ancient and post agricultural forests_Belgium_p137_NA";"PR_Baeten et al. 2010a_Ancient and post agricultural forests_Belgium"
"Baeten et al. 2010a_Ancient and post agricultural forests_Belgium_p138_NA";"PR_Baeten et al. 2010a_Ancient and post agricultural forests_Belgium"
"Baeten et al. 2010a_Ancient and post agricultural forests_Belgium_p148_NA";"PR_Baeten et al. 2010a_Ancient and post agricultural forests_Belgium"
"Baeten et al. 2010a_Ancient and post agricultural forests_Belgium_p149_NA";"PR_Baeten et al. 2010a_Ancient and post agricultural forests_Belgium"
"Baeten et al. 2010a_Ancient and post agricultural forests_Belgium_p14_NA";"PR_Baeten et al. 2010a_Ancient and post agricultural forests_Belgium"
"Baeten et al. 2010a_Ancient and post agricultural forests_Belgium_p157_NA";"PR_Baeten et al. 2010a_Ancient and post agricultural forests_Belgium"
"Baeten et al. 2010a_Ancient and post agricultural forests_Belgium_p162_NA";"PR_Baeten et al. 2010a_Ancient and post agricultural forests_Belgium"
"Baeten et al. 2010a_Ancient and post agricultural forests_Belgium_p167_NA";"PR_Baeten et al. 2010a_Ancient and post agricultural forests_Belgium"
"Baeten et al. 2010a_Ancient and post agricultural forests_Belgium_p168_NA";"PR_Baeten et al. 2010a_Ancient and post agricultural forests_Belgium"
"Baeten et al. 2010a_Ancient and post agricultural forests_Belgium_p16_NA";"PR_Baeten et al. 2010a_Ancient and post agricultural forests_Belgium"
"Baeten et al. 2010a_Ancient and post agricultural forests_Belgium_p171_NA";"PR_Baeten et al. 2010a_Ancient and post agricultural forests_Belgium"
"Baeten et al. 2010a_Ancient and post agricultural forests_Belgium_p172_NA";"PR_Baeten et al. 2010a_Ancient and post agricultural forests_Belgium"
"Baeten et al. 2010a_Ancient and post agricultural forests_Belgium_p173_NA";"PR_Baeten et al. 2010a_Ancient and post agricultural forests_Belgium"
"Baeten et al. 2010a_Ancient and post agricultural forests_Belgium_p174_NA";"PR_Baeten et al. 2010a_Ancient and post agricultural forests_Belgium"
"Baeten et al. 2010a_Ancient and post agricultural forests_Belgium_p176_NA";"PR_Baeten et al. 2010a_Ancient and post agricultural forests_Belgium"
"Baeten et al. 2010a_Ancient and post agricultural forests_Belgium_p17_NA";"PR_Baeten et al. 2010a_Ancient and post agricultural forests_Belgium"
"Baeten et al. 2010a_Ancient and post agricultural forests_Belgium_p18_NA";"PR_Baeten et al. 2010a_Ancient and post agricultural forests_Belgium"
"Baeten et al. 2010a_Ancient and post agricultural forests_Belgium_p19_NA";"PR_Baeten et al. 2010a_Ancient and post agricultural forests_Belgium"
"Baeten et al. 2010a_Ancient and post agricultural forests_Belgium_p1_NA";"PR_Baeten et al. 2010a_Ancient and post agricultural forests_Belgium"
"Baeten et al. 2010a_Ancient and post agricultural forests_Belgium_p20_NA";"PR_Baeten et al. 2010a_Ancient and post agricultural forests_Belgium"
"Baeten et al. 2010a_Ancient and post agricultural forests_Belgium_p240_NA";"PR_Baeten et al. 2010a_Ancient and post agricultural forests_Belgium"
"Baeten et al. 2010a_Ancient and post agricultural forests_Belgium_p244_NA";"PR_Baeten et al. 2010a_Ancient and post agricultural forests_Belgium"
"Baeten et al. 2010a_Ancient and post agricultural forests_Belgium_p246_NA";"PR_Baeten et al. 2010a_Ancient and post agricultural forests_Belgium"
"Baeten et al. 2010a_Ancient and post agricultural forests_Belgium_p247_NA";"PR_Baeten et al. 2010a_Ancient and post agricultural forests_Belgium"
"Baeten et al. 2010a_Ancient and post agricultural forests_Belgium_p249_NA";"PR_Baeten et al. 2010a_Ancient and post agricultural forests_Belgium"
"Baeten et al. 2010a_Ancient and post agricultural forests_Belgium_p250_NA";"PR_Baeten et al. 2010a_Ancient and post agricultural forests_Belgium"
"Baeten et al. 2010a_Ancient and post agricultural forests_Belgium_p253_NA";"PR_Baeten et al. 2010a_Ancient and post agricultural forests_Belgium"
"Baeten et al. 2010a_Ancient and post agricultural forests_Belgium_p257_NA";"PR_Baeten et al. 2010a_Ancient and post agricultural forests_Belgium"
"Baeten et al. 2010a_Ancient and post agricultural forests_Belgium_p258_NA";"PR_Baeten et al. 2010a_Ancient and post agricultural forests_Belgium"
"Baeten et al. 2010a_Ancient and post agricultural forests_Belgium_p25_NA";"PR_Baeten et al. 2010a_Ancient and post agricultural forests_Belgium"
"Baeten et al. 2010a_Ancient and post agricultural forests_Belgium_p260_NA";"PR_Baeten et al. 2010a_Ancient and post agricultural forests_Belgium"
"Baeten et al. 2010a_Ancient and post agricultural forests_Belgium_p26_NA";"PR_Baeten et al. 2010a_Ancient and post agricultural forests_Belgium"
"Baeten et al. 2010a_Ancient and post agricultural forests_Belgium_p27_NA";"PR_Baeten et al. 2010a_Ancient and post agricultural forests_Belgium"
"Baeten et al. 2010a_Ancient and post agricultural forests_Belgium_p28_NA";"PR_Baeten et al. 2010a_Ancient and post agricultural forests_Belgium"
"Baeten et al. 2010a_Ancient and post agricultural forests_Belgium_p2_NA";"PR_Baeten et al. 2010a_Ancient and post agricultural forests_Belgium"
"Baeten et al. 2010a_Ancient and post agricultural forests_Belgium_p306_NA";"PR_Baeten et al. 2010a_Ancient and post agricultural forests_Belgium"
"Baeten et al. 2010a_Ancient and post agricultural forests_Belgium_p31_NA";"PR_Baeten et al. 2010a_Ancient and post agricultural forests_Belgium"
"Baeten et al. 2010a_Ancient and post agricultural forests_Belgium_p32_NA";"PR_Baeten et al. 2010a_Ancient and post agricultural forests_Belgium"
"Baeten et al. 2010a_Ancient and post agricultural forests_Belgium_p33_NA";"PR_Baeten et al. 2010a_Ancient and post agricultural forests_Belgium"
"Baeten et al. 2010a_Ancient and post agricultural forests_Belgium_p35_NA";"PR_Baeten et al. 2010a_Ancient and post agricultural forests_Belgium"
"Baeten et al. 2010a_Ancient and post agricultural forests_Belgium_p37_NA";"PR_Baeten et al. 2010a_Ancient and post agricultural forests_Belgium"
"Baeten et al. 2010a_Ancient and post agricultural forests_Belgium_p38_NA";"PR_Baeten et al. 2010a_Ancient and post agricultural forests_Belgium"
"Baeten et al. 2010a_Ancient and post agricultural forests_Belgium_p41_NA";"PR_Baeten et al. 2010a_Ancient and post agricultural forests_Belgium"
"Baeten et al. 2010a_Ancient and post agricultural forests_Belgium_p42_NA";"PR_Baeten et al. 2010a_Ancient and post agricultural forests_Belgium"
"Baeten et al. 2010a_Ancient and post agricultural forests_Belgium_p439_NA";"PR_Baeten et al. 2010a_Ancient and post agricultural forests_Belgium"
"Baeten et al. 2010a_Ancient and post agricultural forests_Belgium_p43_NA";"PR_Baeten et al. 2010a_Ancient and post agricultural forests_Belgium"
"Baeten et al. 2010a_Ancient and post agricultural forests_Belgium_p45_NA";"PR_Baeten et al. 2010a_Ancient and post agricultural forests_Belgium"
"Baeten et al. 2010a_Ancient and post agricultural forests_Belgium_p460_NA";"PR_Baeten et al. 2010a_Ancient and post agricultural forests_Belgium"
"Baeten et al. 2010a_Ancient and post agricultural forests_Belgium_p461_NA";"PR_Baeten et al. 2010a_Ancient and post agricultural forests_Belgium"
"Baeten et al. 2010a_Ancient and post agricultural forests_Belgium_p463_NA";"PR_Baeten et al. 2010a_Ancient and post agricultural forests_Belgium"
"Baeten et al. 2010a_Ancient and post agricultural forests_Belgium_p46_NA";"PR_Baeten et al. 2010a_Ancient and post agricultural forests_Belgium"
"Baeten et al. 2010a_Ancient and post agricultural forests_Belgium_p510_NA";"PR_Baeten et al. 2010a_Ancient and post agricultural forests_Belgium"
"Baeten et al. 2010a_Ancient and post agricultural forests_Belgium_p512_NA";"PR_Baeten et al. 2010a_Ancient and post agricultural forests_Belgium"
"Baeten et al. 2010a_Ancient and post agricultural forests_Belgium_p513_NA";"PR_Baeten et al. 2010a_Ancient and post agricultural forests_Belgium"
"Baeten et al. 2010a_Ancient and post agricultural forests_Belgium_p518_NA";"PR_Baeten et al. 2010a_Ancient and post agricultural forests_Belgium"
"Baeten et al. 2010a_Ancient and post agricultural forests_Belgium_p52_NA";"PR_Baeten et al. 2010a_Ancient and post agricultural forests_Belgium"
"Baeten et al. 2010a_Ancient and post agricultural forests_Belgium_p55_NA";"PR_Baeten et al. 2010a_Ancient and post agricultural forests_Belgium"
"Baeten et al. 2010a_Ancient and post agricultural forests_Belgium_p58_NA";"PR_Baeten et al. 2010a_Ancient and post agricultural forests_Belgium"
"Baeten et al. 2010a_Ancient and post agricultural forests_Belgium_p99_NA";"PR_Baeten et al. 2010a_Ancient and post agricultural forests_Belgium"
"Baeten et al. 2010a_Ancient and post agricultural forests_Belgium_p9_NA";"PR_Baeten et al. 2010a_Ancient and post agricultural forests_Belgium"
"Baeten et al. 2010a_Ancient and post agricultural forests_Belgium_pLK80_NA";"PR_Baeten et al. 2010a_Ancient and post agricultural forests_Belgium"
"Berry et al. 2010_Berry Borneo trees 2.5cm_10_NA";"PR_Berry et al. 2010_Berry Borneo trees 2.5cm"
"Berry et al. 2010_Berry Borneo trees 2.5cm_11_NA";"PR_Berry et al. 2010_Berry Borneo trees 2.5cm"
"Berry et al. 2010_Berry Borneo trees 2.5cm_12_NA";"PR_Berry et al. 2010_Berry Borneo trees 2.5cm"
"Berry et al. 2010_Berry Borneo trees 2.5cm_13_NA";"PR_Berry et al. 2010_Berry Borneo trees 2.5cm"
"Berry et al. 2010_Berry Borneo trees 2.5cm_14_NA";"PR_Berry et al. 2010_Berry Borneo trees 2.5cm"
"Berry et al. 2010_Berry Borneo trees 2.5cm_15_NA";"PR_Berry et al. 2010_Berry Borneo trees 2.5cm"
"Berry et al. 2010_Berry Borneo trees 2.5cm_16_NA";"PR_Berry et al. 2010_Berry Borneo trees 2.5cm"
"Berry et al. 2010_Berry Borneo trees 2.5cm_17_NA";"PR_Berry et al. 2010_Berry Borneo trees 2.5cm"
"Berry et al. 2010_Berry Borneo trees 2.5cm_18_NA";"PR_Berry et al. 2010_Berry Borneo trees 2.5cm"
"Berry et al. 2010_Berry Borneo trees 2.5cm_19_NA";"PR_Berry et al. 2010_Berry Borneo trees 2.5cm"
"Berry et al. 2010_Berry Borneo trees 2.5cm_1_NA";"PR_Berry et al. 2010_Berry Borneo trees 2.5cm"
"Berry et al. 2010_Berry Borneo trees 2.5cm_20_NA";"PR_Berry et al. 2010_Berry Borneo trees 2.5cm"
"Berry et al. 2010_Berry Borneo trees 2.5cm_21_NA";"PR_Berry et al. 2010_Berry Borneo trees 2.5cm"
"Berry et al. 2010_Berry Borneo trees 2.5cm_22_NA";"PR_Berry et al. 2010_Berry Borneo trees 2.5cm"
"Berry et al. 2010_Berry Borneo trees 2.5cm_23_NA";"PR_Berry et al. 2010_Berry Borneo trees 2.5cm"
"Berry et al. 2010_Berry Borneo trees 2.5cm_24_NA";"PR_Berry et al. 2010_Berry Borneo trees 2.5cm"
"Berry et al. 2010_Berry Borneo trees 2.5cm_25_NA";"PR_Berry et al. 2010_Berry Borneo trees 2.5cm"
"Berry et al. 2010_Berry Borneo trees 2.5cm_26_NA";"PR_Berry et al. 2010_Berry Borneo trees 2.5cm"
"Berry et al. 2010_Berry Borneo trees 2.5cm_27_NA";"PR_Berry et al. 2010_Berry Borneo trees 2.5cm"
"Berry et al. 2010_Berry Borneo trees 2.5cm_28_NA";"PR_Berry et al. 2010_Berry Borneo trees 2.5cm"
"Berry et al. 2010_Berry Borneo trees 2.5cm_29_NA";"PR_Berry et al. 2010_Berry Borneo trees 2.5cm"
"Berry et al. 2010_Berry Borneo trees 2.5cm_2_NA";"PR_Berry et al. 2010_Berry Borneo trees 2.5cm"
"Berry et al. 2010_Berry Borneo trees 2.5cm_30_NA";"PR_Berry et al. 2010_Berry Borneo trees 2.5cm"
"Berry et al. 2010_Berry Borneo trees 2.5cm_3_NA";"PR_Berry et al. 2010_Berry Borneo trees 2.5cm"
"Berry et al. 2010_Berry Borneo trees 2.5cm_4_NA";"PR_Berry et al. 2010_Berry Borneo trees 2.5cm"
"Berry et al. 2010_Berry Borneo trees 2.5cm_5_NA";"PR_Berry et al. 2010_Berry Borneo trees 2.5cm"
"Berry et al. 2010_Berry Borneo trees 2.5cm_6_NA";"PR_Berry et al. 2010_Berry Borneo trees 2.5cm"
"Berry et al. 2010_Berry Borneo trees 2.5cm_7_NA";"PR_Berry et al. 2010_Berry Borneo trees 2.5cm"
"Berry et al. 2010_Berry Borneo trees 2.5cm_8_NA";"PR_Berry et al. 2010_Berry Borneo trees 2.5cm"
"Berry et al. 2010_Berry Borneo trees 2.5cm_9_NA";"PR_Berry et al. 2010_Berry Borneo trees 2.5cm"
"Berry et al. 2010_Berry Borneo trees 30cm_11_NA";"PR_Berry et al. 2010_Berry Borneo trees 30cm"
"Berry et al. 2010_Berry Borneo trees 30cm_12_NA";"PR_Berry et al. 2010_Berry Borneo trees 30cm"
"Berry et al. 2010_Berry Borneo trees 30cm_15_NA";"PR_Berry et al. 2010_Berry Borneo trees 30cm"
"Berry et al. 2010_Berry Borneo trees 30cm_17_NA";"PR_Berry et al. 2010_Berry Borneo trees 30cm"
"Berry et al. 2010_Berry Borneo trees 30cm_18_NA";"PR_Berry et al. 2010_Berry Borneo trees 30cm"
"Berry et al. 2010_Berry Borneo trees 30cm_19_NA";"PR_Berry et al. 2010_Berry Borneo trees 30cm"
"Berry et al. 2010_Berry Borneo trees 30cm_20_NA";"PR_Berry et al. 2010_Berry Borneo trees 30cm"
"Berry et al. 2010_Berry Borneo trees 30cm_21_NA";"PR_Berry et al. 2010_Berry Borneo trees 30cm"
"Berry et al. 2010_Berry Borneo trees 30cm_22_NA";"PR_Berry et al. 2010_Berry Borneo trees 30cm"
"Berry et al. 2010_Berry Borneo trees 30cm_23_NA";"PR_Berry et al. 2010_Berry Borneo trees 30cm"
"Berry et al. 2010_Berry Borneo trees 30cm_24_NA";"PR_Berry et al. 2010_Berry Borneo trees 30cm"
"Berry et al. 2010_Berry Borneo trees 30cm_25_NA";"PR_Berry et al. 2010_Berry Borneo trees 30cm"
"Berry et al. 2010_Berry Borneo trees 30cm_26_NA";"PR_Berry et al. 2010_Berry Borneo trees 30cm"
"Berry et al. 2010_Berry Borneo trees 30cm_28_NA";"PR_Berry et al. 2010_Berry Borneo trees 30cm"
"Berry et al. 2010_Berry Borneo trees 30cm_29_NA";"PR_Berry et al. 2010_Berry Borneo trees 30cm"
"Berry et al. 2010_Berry Borneo trees 30cm_30_NA";"PR_Berry et al. 2010_Berry Borneo trees 30cm"
"Berry et al. 2010_Berry Borneo trees 30cm_3_NA";"PR_Berry et al. 2010_Berry Borneo trees 30cm"
"Berry et al. 2010_Berry Borneo trees 30cm_5_NA";"PR_Berry et al. 2010_Berry Borneo trees 30cm"
"Berry et al. 2010_Berry Borneo trees 30cm_6_NA";"PR_Berry et al. 2010_Berry Borneo trees 30cm"
"Berry et al. 2010_Berry Borneo trees 30cm_7_NA";"PR_Berry et al. 2010_Berry Borneo trees 30cm"
"Brearley 2011_BorneoSecondaryVeg_39-05_NA";"PR_Brearley 2011_BorneoSecondaryVeg"
"Brearley 2011_BorneoSecondaryVeg_40-05_NA";"PR_Brearley 2011_BorneoSecondaryVeg"
"Brearley 2011_BorneoSecondaryVeg_41-05_NA";"PR_Brearley 2011_BorneoSecondaryVeg"
"Brearley 2011_BorneoSecondaryVeg_42-05_NA";"PR_Brearley 2011_BorneoSecondaryVeg"
"Brearley 2011_BorneoSecondaryVeg_43-05_NA";"PR_Brearley 2011_BorneoSecondaryVeg"
"Brearley 2011_BorneoSecondaryVeg_44-05_NA";"PR_Brearley 2011_BorneoSecondaryVeg"
"Brearley 2011_BorneoSecondaryVeg_56-05_NA";"PR_Brearley 2011_BorneoSecondaryVeg"
"Brearley 2011_BorneoSecondaryVeg_57-05_NA";"PR_Brearley 2011_BorneoSecondaryVeg"
"Brearley 2011_BorneoSecondaryVeg_58-05_NA";"PR_Brearley 2011_BorneoSecondaryVeg"
"Brearley 2011_BorneoSecondaryVeg_58-08_NA";"PR_Brearley 2011_BorneoSecondaryVeg"
"Brearley 2011_BorneoSecondaryVeg_59-05_NA";"PR_Brearley 2011_BorneoSecondaryVeg"
"Brearley 2011_BorneoSecondaryVeg_59-08_NA";"PR_Brearley 2011_BorneoSecondaryVeg"
"Brearley 2011_BorneoSecondaryVeg_60-05_NA";"PR_Brearley 2011_BorneoSecondaryVeg"
"Brearley 2011_BorneoSecondaryVeg_60-08_NA";"PR_Brearley 2011_BorneoSecondaryVeg"
"Calvino-Cancela et al. 2012_Herbs & Ferns_IntEuc1_NA";"PR_Calvino-Cancela et al. 2012_Herbs & Ferns"
"Calvino-Cancela et al. 2012_Herbs & Ferns_IntEuc2_NA";"PR_Calvino-Cancela et al. 2012_Herbs & Ferns"
"Calvino-Cancela et al. 2012_Herbs & Ferns_IntEuc3_NA";"PR_Calvino-Cancela et al. 2012_Herbs & Ferns"
"Calvino-Cancela et al. 2012_Herbs & Ferns_IntEuc4_NA";"PR_Calvino-Cancela et al. 2012_Herbs & Ferns"
"Calvino-Cancela et al. 2012_Herbs & Ferns_IntEuc5_NA";"PR_Calvino-Cancela et al. 2012_Herbs & Ferns"
"Calvino-Cancela et al. 2012_Herbs & Ferns_MatEuc1_NA";"PR_Calvino-Cancela et al. 2012_Herbs & Ferns"
"Calvino-Cancela et al. 2012_Herbs & Ferns_MatEuc2_NA";"PR_Calvino-Cancela et al. 2012_Herbs & Ferns"
"Calvino-Cancela et al. 2012_Herbs & Ferns_MatEuc3_NA";"PR_Calvino-Cancela et al. 2012_Herbs & Ferns"
"Calvino-Cancela et al. 2012_Herbs & Ferns_MatEuc4_NA";"PR_Calvino-Cancela et al. 2012_Herbs & Ferns"
"Calvino-Cancela et al. 2012_Herbs & Ferns_MatEuc5_NA";"PR_Calvino-Cancela et al. 2012_Herbs & Ferns"
"Calvino-Cancela et al. 2012_Herbs & Ferns_NatFor1_NA";"PR_Calvino-Cancela et al. 2012_Herbs & Ferns"
"Calvino-Cancela et al. 2012_Herbs & Ferns_NatFor2_NA";"PR_Calvino-Cancela et al. 2012_Herbs & Ferns"
"Calvino-Cancela et al. 2012_Herbs & Ferns_NatFor3_NA";"PR_Calvino-Cancela et al. 2012_Herbs & Ferns"
"Calvino-Cancela et al. 2012_Herbs & Ferns_NatFor4_NA";"PR_Calvino-Cancela et al. 2012_Herbs & Ferns"
"Calvino-Cancela et al. 2012_Herbs & Ferns_NatFor5_NA";"PR_Calvino-Cancela et al. 2012_Herbs & Ferns"
"Calvino-Cancela et al. 2012_Herbs & Ferns_PineP1_NA";"PR_Calvino-Cancela et al. 2012_Herbs & Ferns"
"Calvino-Cancela et al. 2012_Herbs & Ferns_PineP2_NA";"PR_Calvino-Cancela et al. 2012_Herbs & Ferns"
"Calvino-Cancela et al. 2012_Herbs & Ferns_PineP3_NA";"PR_Calvino-Cancela et al. 2012_Herbs & Ferns"
"Calvino-Cancela et al. 2012_Herbs & Ferns_PineP4_NA";"PR_Calvino-Cancela et al. 2012_Herbs & Ferns"
"Calvino-Cancela et al. 2012_Herbs & Ferns_PineP5_NA";"PR_Calvino-Cancela et al. 2012_Herbs & Ferns"
"Calvino-Cancela et al. 2012_Herbs & Ferns_YngEuc1_NA";"PR_Calvino-Cancela et al. 2012_Herbs & Ferns"
"Calvino-Cancela et al. 2012_Herbs & Ferns_YngEuc2_NA";"PR_Calvino-Cancela et al. 2012_Herbs & Ferns"
"Calvino-Cancela et al. 2012_Herbs & Ferns_YngEuc3_NA";"PR_Calvino-Cancela et al. 2012_Herbs & Ferns"
"Calvino-Cancela et al. 2012_Herbs & Ferns_YngEuc4_NA";"PR_Calvino-Cancela et al. 2012_Herbs & Ferns"
"Calvino-Cancela et al. 2012_Herbs & Ferns_YngEuc5_NA";"PR_Calvino-Cancela et al. 2012_Herbs & Ferns"
"Calvino-Cancela et al. 2012_Shrubs & Trees_IntEuc1_NA";"PR_Calvino-Cancela et al. 2012_Shrubs & Trees"
"Calvino-Cancela et al. 2012_Shrubs & Trees_IntEuc2_NA";"PR_Calvino-Cancela et al. 2012_Shrubs & Trees"
"Calvino-Cancela et al. 2012_Shrubs & Trees_IntEuc3_NA";"PR_Calvino-Cancela et al. 2012_Shrubs & Trees"
"Calvino-Cancela et al. 2012_Shrubs & Trees_IntEuc4_NA";"PR_Calvino-Cancela et al. 2012_Shrubs & Trees"
"Calvino-Cancela et al. 2012_Shrubs & Trees_IntEuc5_NA";"PR_Calvino-Cancela et al. 2012_Shrubs & Trees"
"Calvino-Cancela et al. 2012_Shrubs & Trees_MatEuc1_NA";"PR_Calvino-Cancela et al. 2012_Shrubs & Trees"
"Calvino-Cancela et al. 2012_Shrubs & Trees_MatEuc2_NA";"PR_Calvino-Cancela et al. 2012_Shrubs & Trees"
"Calvino-Cancela et al. 2012_Shrubs & Trees_MatEuc3_NA";"PR_Calvino-Cancela et al. 2012_Shrubs & Trees"
"Calvino-Cancela et al. 2012_Shrubs & Trees_MatEuc4_NA";"PR_Calvino-Cancela et al. 2012_Shrubs & Trees"
"Calvino-Cancela et al. 2012_Shrubs & Trees_MatEuc5_NA";"PR_Calvino-Cancela et al. 2012_Shrubs & Trees"
"Calvino-Cancela et al. 2012_Shrubs & Trees_NatFor1_NA";"PR_Calvino-Cancela et al. 2012_Shrubs & Trees"
"Calvino-Cancela et al. 2012_Shrubs & Trees_NatFor2_NA";"PR_Calvino-Cancela et al. 2012_Shrubs & Trees"
"Calvino-Cancela et al. 2012_Shrubs & Trees_NatFor3_NA";"PR_Calvino-Cancela et al. 2012_Shrubs & Trees"
"Calvino-Cancela et al. 2012_Shrubs & Trees_NatFor4_NA";"PR_Calvino-Cancela et al. 2012_Shrubs & Trees"
"Calvino-Cancela et al. 2012_Shrubs & Trees_NatFor5_NA";"PR_Calvino-Cancela et al. 2012_Shrubs & Trees"
"Calvino-Cancela et al. 2012_Shrubs & Trees_PineP1_NA";"PR_Calvino-Cancela et al. 2012_Shrubs & Trees"
"Calvino-Cancela et al. 2012_Shrubs & Trees_PineP2_NA";"PR_Calvino-Cancela et al. 2012_Shrubs & Trees"
"Calvino-Cancela et al. 2012_Shrubs & Trees_PineP3_NA";"PR_Calvino-Cancela et al. 2012_Shrubs & Trees"
"Calvino-Cancela et al. 2012_Shrubs & Trees_PineP4_NA";"PR_Calvino-Cancela et al. 2012_Shrubs & Trees"
"Calvino-Cancela et al. 2012_Shrubs & Trees_PineP5_NA";"PR_Calvino-Cancela et al. 2012_Shrubs & Trees"
"Calvino-Cancela et al. 2012_Shrubs & Trees_YngEuc1_NA";"PR_Calvino-Cancela et al. 2012_Shrubs & Trees"
"Calvino-Cancela et al. 2012_Shrubs & Trees_YngEuc2_NA";"PR_Calvino-Cancela et al. 2012_Shrubs & Trees"
"Calvino-Cancela et al. 2012_Shrubs & Trees_YngEuc3_NA";"PR_Calvino-Cancela et al. 2012_Shrubs & Trees"
"Calvino-Cancela et al. 2012_Shrubs & Trees_YngEuc4_NA";"PR_Calvino-Cancela et al. 2012_Shrubs & Trees"
"Calvino-Cancela et al. 2012_Shrubs & Trees_YngEuc5_NA";"PR_Calvino-Cancela et al. 2012_Shrubs & Trees"
"Carvalho et al. 2010_Palm trees_Capoeira 27.5 years_NA";"PR_Carvalho et al. 2010_Palm trees"
"Carvalho et al. 2010_Palm trees_Capoeira 37.5 years_NA";"PR_Carvalho et al. 2010_Palm trees"
"Carvalho et al. 2010_Palm trees_Capoeira 7.5 years_NA";"PR_Carvalho et al. 2010_Palm trees"
"Carvalho et al. 2010_Palm trees_Primary Forest_NA";"PR_Carvalho et al. 2010_Palm trees"
"Castro et al. 2010_Montado_G1_NA";"PR_Castro et al. 2010_Montado"
"Castro et al. 2010_Montado_G2_NA";"PR_Castro et al. 2010_Montado"
"Castro et al. 2010_Montado_G3_NA";"PR_Castro et al. 2010_Montado"
"Castro et al. 2010_Montado_SA1_NA";"PR_Castro et al. 2010_Montado"
"Castro et al. 2010_Montado_SA2_NA";"PR_Castro et al. 2010_Montado"
"Castro et al. 2010_Montado_SA3_NA";"PR_Castro et al. 2010_Montado"
"Castro et al. 2010_Montado_SI1_NA";"PR_Castro et al. 2010_Montado"
"Castro et al. 2010_Montado_SI2_NA";"PR_Castro et al. 2010_Montado"
"Castro et al. 2010_Montado_SI3_NA";"PR_Castro et al. 2010_Montado"
"Fredriksson et al. 2007_Sun Bear Fruit_Burnt Sites_NA";"PR_Fredriksson et al. 2007_Sun Bear Fruit"
"Fredriksson et al. 2007_Sun Bear Fruit_Unburnt Sites_NA";"PR_Fredriksson et al. 2007_Sun Bear Fruit"
"Hylander and Weibull 2012_Bryophytes 2009_A3n_NA";"PR_Hylander and Weibull 2012_Bryophytes 2009"
"Hylander and Weibull 2012_Bryophytes 2009_A3u_NA";"PR_Hylander and Weibull 2012_Bryophytes 2009"
"Hylander and Weibull 2012_Bryophytes 2009_B13n_NA";"PR_Hylander and Weibull 2012_Bryophytes 2009"
"Hylander and Weibull 2012_Bryophytes 2009_B13u_NA";"PR_Hylander and Weibull 2012_Bryophytes 2009"
"Hylander and Weibull 2012_Bryophytes 2009_B1n_NA";"PR_Hylander and Weibull 2012_Bryophytes 2009"
"Hylander and Weibull 2012_Bryophytes 2009_B1u_NA";"PR_Hylander and Weibull 2012_Bryophytes 2009"
"Hylander and Weibull 2012_Bryophytes 2009_B2n_NA";"PR_Hylander and Weibull 2012_Bryophytes 2009"
"Hylander and Weibull 2012_Bryophytes 2009_B2u_NA";"PR_Hylander and Weibull 2012_Bryophytes 2009"
"Hylander and Weibull 2012_Bryophytes 2009_B3n_NA";"PR_Hylander and Weibull 2012_Bryophytes 2009"
"Hylander and Weibull 2012_Bryophytes 2009_B3u_NA";"PR_Hylander and Weibull 2012_Bryophytes 2009"
"Hylander and Weibull 2012_Bryophytes 2009_B7n_NA";"PR_Hylander and Weibull 2012_Bryophytes 2009"
"Hylander and Weibull 2012_Bryophytes 2009_B7u_NA";"PR_Hylander and Weibull 2012_Bryophytes 2009"
"Hylander and Weibull 2012_Bryophytes 2009_B8n_NA";"PR_Hylander and Weibull 2012_Bryophytes 2009"
"Hylander and Weibull 2012_Bryophytes 2009_B8u_NA";"PR_Hylander and Weibull 2012_Bryophytes 2009"
"Hylander and Weibull 2012_Bryophytes 2009_B9n_NA";"PR_Hylander and Weibull 2012_Bryophytes 2009"
"Hylander and Weibull 2012_Bryophytes 2009_B9u_NA";"PR_Hylander and Weibull 2012_Bryophytes 2009"
"Hylander and Weibull 2012_Bryophytes 2009_R10_NA";"PR_Hylander and Weibull 2012_Bryophytes 2009"
"Hylander and Weibull 2012_Bryophytes 2009_R1_NA";"PR_Hylander and Weibull 2012_Bryophytes 2009"
"Hylander and Weibull 2012_Bryophytes 2009_R2_NA";"PR_Hylander and Weibull 2012_Bryophytes 2009"
"Hylander and Weibull 2012_Bryophytes 2009_R3_NA";"PR_Hylander and Weibull 2012_Bryophytes 2009"
"Hylander and Weibull 2012_Bryophytes 2009_R5_NA";"PR_Hylander and Weibull 2012_Bryophytes 2009"
"Hylander and Weibull 2012_Bryophytes 2009_R6_NA";"PR_Hylander and Weibull 2012_Bryophytes 2009"
"Hylander and Weibull 2012_Bryophytes 2009_R7_NA";"PR_Hylander and Weibull 2012_Bryophytes 2009"
"Hylander and Weibull 2012_Bryophytes 2009_R8_NA";"PR_Hylander and Weibull 2012_Bryophytes 2009"
"Hylander and Weibull 2012_Bryophytes 2009_R9_NA";"PR_Hylander and Weibull 2012_Bryophytes 2009"
"Hylander and Weibull 2012_Bryophytes 2009_T2n_NA";"PR_Hylander and Weibull 2012_Bryophytes 2009"
"Hylander and Weibull 2012_Bryophytes 2009_T2u_NA";"PR_Hylander and Weibull 2012_Bryophytes 2009"
"Hylander and Weibull 2012_Bryophytes 2009_T3n_NA";"PR_Hylander and Weibull 2012_Bryophytes 2009"
"Hylander and Weibull 2012_Bryophytes 2009_T3u_NA";"PR_Hylander and Weibull 2012_Bryophytes 2009"
"Hylander and Weibull 2012_Bryophytes 2009_T4n_NA";"PR_Hylander and Weibull 2012_Bryophytes 2009"
"Hylander and Weibull 2012_Bryophytes 2009_T4u_NA";"PR_Hylander and Weibull 2012_Bryophytes 2009"
"Hylander and Weibull 2012_Bryophytes 2009_T8n_NA";"PR_Hylander and Weibull 2012_Bryophytes 2009"
"Hylander and Weibull 2012_Bryophytes 2009_T8u_NA";"PR_Hylander and Weibull 2012_Bryophytes 2009"
"Hylander and Weibull 2012_Bryophytes 2009_T9n_NA";"PR_Hylander and Weibull 2012_Bryophytes 2009"
"Hylander and Weibull 2012_Bryophytes 2009_T9u_NA";"PR_Hylander and Weibull 2012_Bryophytes 2009"
"Katovai et al. 2012_Understory plants; Solomon Islands_commercial.high1_NA";"PR_Katovai et al. 2012_Understory plants; Solomon Islands"
"Katovai et al. 2012_Understory plants; Solomon Islands_commercial.high2_NA";"PR_Katovai et al. 2012_Understory plants; Solomon Islands"
"Katovai et al. 2012_Understory plants; Solomon Islands_commercial.high3_NA";"PR_Katovai et al. 2012_Understory plants; Solomon Islands"
"Katovai et al. 2012_Understory plants; Solomon Islands_commercial.high4_NA";"PR_Katovai et al. 2012_Understory plants; Solomon Islands"
"Katovai et al. 2012_Understory plants; Solomon Islands_commercial.low1_NA";"PR_Katovai et al. 2012_Understory plants; Solomon Islands"
"Katovai et al. 2012_Understory plants; Solomon Islands_commercial.low2_NA";"PR_Katovai et al. 2012_Understory plants; Solomon Islands"
"Katovai et al. 2012_Understory plants; Solomon Islands_commercial.low3_NA";"PR_Katovai et al. 2012_Understory plants; Solomon Islands"
"Katovai et al. 2012_Understory plants; Solomon Islands_commercial.low4_NA";"PR_Katovai et al. 2012_Understory plants; Solomon Islands"
"Katovai et al. 2012_Understory plants; Solomon Islands_commercial.med1_NA";"PR_Katovai et al. 2012_Understory plants; Solomon Islands"
"Katovai et al. 2012_Understory plants; Solomon Islands_commercial.med2_NA";"PR_Katovai et al. 2012_Understory plants; Solomon Islands"
"Katovai et al. 2012_Understory plants; Solomon Islands_commercial.med3_NA";"PR_Katovai et al. 2012_Understory plants; Solomon Islands"
"Katovai et al. 2012_Understory plants; Solomon Islands_commercial.med4_NA";"PR_Katovai et al. 2012_Understory plants; Solomon Islands"
"Katovai et al. 2012_Understory plants; Solomon Islands_crater.high1_NA";"PR_Katovai et al. 2012_Understory plants; Solomon Islands"
"Katovai et al. 2012_Understory plants; Solomon Islands_crater.high2_NA";"PR_Katovai et al. 2012_Understory plants; Solomon Islands"
"Katovai et al. 2012_Understory plants; Solomon Islands_crater.high3_NA";"PR_Katovai et al. 2012_Understory plants; Solomon Islands"
"Katovai et al. 2012_Understory plants; Solomon Islands_crater.high4_NA";"PR_Katovai et al. 2012_Understory plants; Solomon Islands"
"Katovai et al. 2012_Understory plants; Solomon Islands_primary.high1_NA";"PR_Katovai et al. 2012_Understory plants; Solomon Islands"
"Katovai et al. 2012_Understory plants; Solomon Islands_primary.high2_NA";"PR_Katovai et al. 2012_Understory plants; Solomon Islands"
"Katovai et al. 2012_Understory plants; Solomon Islands_primary.high3_NA";"PR_Katovai et al. 2012_Understory plants; Solomon Islands"
"Katovai et al. 2012_Understory plants; Solomon Islands_primary.high4_NA";"PR_Katovai et al. 2012_Understory plants; Solomon Islands"
"Katovai et al. 2012_Understory plants; Solomon Islands_primary.low1_NA";"PR_Katovai et al. 2012_Understory plants; Solomon Islands"
"Katovai et al. 2012_Understory plants; Solomon Islands_primary.low2_NA";"PR_Katovai et al. 2012_Understory plants; Solomon Islands"
"Katovai et al. 2012_Understory plants; Solomon Islands_primary.low3_NA";"PR_Katovai et al. 2012_Understory plants; Solomon Islands"
"Katovai et al. 2012_Understory plants; Solomon Islands_primary.low4_NA";"PR_Katovai et al. 2012_Understory plants; Solomon Islands"
"Katovai et al. 2012_Understory plants; Solomon Islands_primary.med1_NA";"PR_Katovai et al. 2012_Understory plants; Solomon Islands"
"Katovai et al. 2012_Understory plants; Solomon Islands_primary.med2_NA";"PR_Katovai et al. 2012_Understory plants; Solomon Islands"
"Katovai et al. 2012_Understory plants; Solomon Islands_primary.med3_NA";"PR_Katovai et al. 2012_Understory plants; Solomon Islands"
"Katovai et al. 2012_Understory plants; Solomon Islands_primary.med4_NA";"PR_Katovai et al. 2012_Understory plants; Solomon Islands"
"Katovai et al. 2012_Understory plants; Solomon Islands_secondary.high1_NA";"PR_Katovai et al. 2012_Understory plants; Solomon Islands"
"Katovai et al. 2012_Understory plants; Solomon Islands_secondary.high2_NA";"PR_Katovai et al. 2012_Understory plants; Solomon Islands"
"Katovai et al. 2012_Understory plants; Solomon Islands_secondary.high3_NA";"PR_Katovai et al. 2012_Understory plants; Solomon Islands"
"Katovai et al. 2012_Understory plants; Solomon Islands_secondary.high4_NA";"PR_Katovai et al. 2012_Understory plants; Solomon Islands"
"Katovai et al. 2012_Understory plants; Solomon Islands_secondary.low1_NA";"PR_Katovai et al. 2012_Understory plants; Solomon Islands"
"Katovai et al. 2012_Understory plants; Solomon Islands_secondary.low2_NA";"PR_Katovai et al. 2012_Understory plants; Solomon Islands"
"Katovai et al. 2012_Understory plants; Solomon Islands_secondary.low3_NA";"PR_Katovai et al. 2012_Understory plants; Solomon Islands"
"Katovai et al. 2012_Understory plants; Solomon Islands_secondary.low4_NA";"PR_Katovai et al. 2012_Understory plants; Solomon Islands"
"Katovai et al. 2012_Understory plants; Solomon Islands_secondary.med1_NA";"PR_Katovai et al. 2012_Understory plants; Solomon Islands"
"Katovai et al. 2012_Understory plants; Solomon Islands_secondary.med2_NA";"PR_Katovai et al. 2012_Understory plants; Solomon Islands"
"Katovai et al. 2012_Understory plants; Solomon Islands_secondary.med3_NA";"PR_Katovai et al. 2012_Understory plants; Solomon Islands"
"Katovai et al. 2012_Understory plants; Solomon Islands_secondary.med4_NA";"PR_Katovai et al. 2012_Understory plants; Solomon Islands"
"Letcher and Chazdon 2009_Forest recovery Costa Rica_Transect 1 - LOC 600_NA";"PR_Letcher and Chazdon 2009_Forest recovery Costa Rica"
"Letcher and Chazdon 2009_Forest recovery Costa Rica_Transect 10 - SHO 1550_NA";"PR_Letcher and Chazdon 2009_Forest recovery Costa Rica"
"Letcher and Chazdon 2009_Forest recovery Costa Rica_Transect 11 - LEP 1650_NA";"PR_Letcher and Chazdon 2009_Forest recovery Costa Rica"
"Letcher and Chazdon 2009_Forest recovery Costa Rica_Transect 12 - Juan Enriquez_NA";"PR_Letcher and Chazdon 2009_Forest recovery Costa Rica"
"Letcher and Chazdon 2009_Forest recovery Costa Rica_Transect 13 - Sueno Azul_NA";"PR_Letcher and Chazdon 2009_Forest recovery Costa Rica"
"Letcher and Chazdon 2009_Forest recovery Costa Rica_Transect 14 - El Bejuco_NA";"PR_Letcher and Chazdon 2009_Forest recovery Costa Rica"
"Letcher and Chazdon 2009_Forest recovery Costa Rica_Transect 15 - STR 2450_NA";"PR_Letcher and Chazdon 2009_Forest recovery Costa Rica"
"Letcher and Chazdon 2009_Forest recovery Costa Rica_Transect 16 - La Guarea inland_NA";"PR_Letcher and Chazdon 2009_Forest recovery Costa Rica"
"Letcher and Chazdon 2009_Forest recovery Costa Rica_Transect 17 - Finca Jose Mora young_NA";"PR_Letcher and Chazdon 2009_Forest recovery Costa Rica"
"Letcher and Chazdon 2009_Forest recovery Costa Rica_Transect 18 - Finca Ricardo Murillo_NA";"PR_Letcher and Chazdon 2009_Forest recovery Costa Rica"
"Letcher and Chazdon 2009_Forest recovery Costa Rica_Transect 19 - LS 2850_NA";"PR_Letcher and Chazdon 2009_Forest recovery Costa Rica"
"Letcher and Chazdon 2009_Forest recovery Costa Rica_Transect 2 - LEP 650_NA";"PR_Letcher and Chazdon 2009_Forest recovery Costa Rica"
"Letcher and Chazdon 2009_Forest recovery Costa Rica_Transect 20 - Finca Jose Mora older_NA";"PR_Letcher and Chazdon 2009_Forest recovery Costa Rica"
"Letcher and Chazdon 2009_Forest recovery Costa Rica_Transect 21 - Cuatro Rios_NA";"PR_Letcher and Chazdon 2009_Forest recovery Costa Rica"
"Letcher and Chazdon 2009_Forest recovery Costa Rica_Transect 22 - Selva Verde old growth_NA";"PR_Letcher and Chazdon 2009_Forest recovery Costa Rica"
"Letcher and Chazdon 2009_Forest recovery Costa Rica_Transect 23 - Tirimbina_NA";"PR_Letcher and Chazdon 2009_Forest recovery Costa Rica"
"Letcher and Chazdon 2009_Forest recovery Costa Rica_Transect 24 - Selva Verde young_NA";"PR_Letcher and Chazdon 2009_Forest recovery Costa Rica"
"Letcher and Chazdon 2009_Forest recovery Costa Rica_Transect 25 - Finca El Bejuco old growth_NA";"PR_Letcher and Chazdon 2009_Forest recovery Costa Rica"
"Letcher and Chazdon 2009_Forest recovery Costa Rica_Transect 26 - Arrozal_NA";"PR_Letcher and Chazdon 2009_Forest recovery Costa Rica"
"Letcher and Chazdon 2009_Forest recovery Costa Rica_Transect 27 - Manu_NA";"PR_Letcher and Chazdon 2009_Forest recovery Costa Rica"
"Letcher and Chazdon 2009_Forest recovery Costa Rica_Transect 28 - Tirimbina old growth_NA";"PR_Letcher and Chazdon 2009_Forest recovery Costa Rica"
"Letcher and Chazdon 2009_Forest recovery Costa Rica_Transect 29 - Botarrama_NA";"PR_Letcher and Chazdon 2009_Forest recovery Costa Rica"
"Letcher and Chazdon 2009_Forest recovery Costa Rica_Transect 3 - LEP 450_NA";"PR_Letcher and Chazdon 2009_Forest recovery Costa Rica"
"Letcher and Chazdon 2009_Forest recovery Costa Rica_Transect 30 - Aceituno_NA";"PR_Letcher and Chazdon 2009_Forest recovery Costa Rica"
"Letcher and Chazdon 2009_Forest recovery Costa Rica_Transect 4 - LS 2250_NA";"PR_Letcher and Chazdon 2009_Forest recovery Costa Rica"
"Letcher and Chazdon 2009_Forest recovery Costa Rica_Transect 5 - La Guarea high ground_NA";"PR_Letcher and Chazdon 2009_Forest recovery Costa Rica"
"Letcher and Chazdon 2009_Forest recovery Costa Rica_Transect 6 - La Guarea low ground_NA";"PR_Letcher and Chazdon 2009_Forest recovery Costa Rica"
"Letcher and Chazdon 2009_Forest recovery Costa Rica_Transect 7 - SSE 1550_NA";"PR_Letcher and Chazdon 2009_Forest recovery Costa Rica"
"Letcher and Chazdon 2009_Forest recovery Costa Rica_Transect 8 - SHA 50_NA";"PR_Letcher and Chazdon 2009_Forest recovery Costa Rica"
"Letcher and Chazdon 2009_Forest recovery Costa Rica_Transect 9 - SJ 1700_NA";"PR_Letcher and Chazdon 2009_Forest recovery Costa Rica"
"Lopez-Quintero et al. 2012_Fungi_Lopez_AM-FPF_AM";"PR_Lopez-Quintero et al. 2012_Fungi_Lopez"
"Lopez-Quintero et al. 2012_Fungi_Lopez_AM-MFIS_AM";"PR_Lopez-Quintero et al. 2012_Fungi_Lopez"
"Lopez-Quintero et al. 2012_Fungi_Lopez_AM-MF_AM";"PR_Lopez-Quintero et al. 2012_Fungi_Lopez"
"Lopez-Quintero et al. 2012_Fungi_Lopez_AM-RF_AM";"PR_Lopez-Quintero et al. 2012_Fungi_Lopez"
"Lopez-Quintero et al. 2012_Fungi_Lopez_AR-18y_AR";"PR_Lopez-Quintero et al. 2012_Fungi_Lopez"
"Lopez-Quintero et al. 2012_Fungi_Lopez_AR-1y_AR";"PR_Lopez-Quintero et al. 2012_Fungi_Lopez"
"Lopez-Quintero et al. 2012_Fungi_Lopez_AR-23y_AR";"PR_Lopez-Quintero et al. 2012_Fungi_Lopez"
"Lopez-Quintero et al. 2012_Fungi_Lopez_AR-30y_AR";"PR_Lopez-Quintero et al. 2012_Fungi_Lopez"
"Lopez-Quintero et al. 2012_Fungi_Lopez_AR-42y_AR";"PR_Lopez-Quintero et al. 2012_Fungi_Lopez"
"Lopez-Quintero et al. 2012_Fungi_Lopez_AR-MF_AR";"PR_Lopez-Quintero et al. 2012_Fungi_Lopez"
"Lopez-Quintero et al. 2012_Fungi_Lopez_AR-PR_AR";"PR_Lopez-Quintero et al. 2012_Fungi_Lopez"
"Lopez-Quintero et al. 2012_Plants_Lopez_AM-FPF_AM";"PR_Lopez-Quintero et al. 2012_Plants_Lopez"
"Lopez-Quintero et al. 2012_Plants_Lopez_AM-MFIS_AM";"PR_Lopez-Quintero et al. 2012_Plants_Lopez"
"Lopez-Quintero et al. 2012_Plants_Lopez_AM-MF_AM";"PR_Lopez-Quintero et al. 2012_Plants_Lopez"
"Lopez-Quintero et al. 2012_Plants_Lopez_AM-RF_AM";"PR_Lopez-Quintero et al. 2012_Plants_Lopez"
"Lopez-Quintero et al. 2012_Plants_Lopez_AR-18y_AR";"PR_Lopez-Quintero et al. 2012_Plants_Lopez"
"Lopez-Quintero et al. 2012_Plants_Lopez_AR-23y_AR";"PR_Lopez-Quintero et al. 2012_Plants_Lopez"
"Lopez-Quintero et al. 2012_Plants_Lopez_AR-30y_AR";"PR_Lopez-Quintero et al. 2012_Plants_Lopez"
"Lopez-Quintero et al. 2012_Plants_Lopez_AR-42y_AR";"PR_Lopez-Quintero et al. 2012_Plants_Lopez"
"Lopez-Quintero et al. 2012_Plants_Lopez_AR-MF_AR";"PR_Lopez-Quintero et al. 2012_Plants_Lopez"
"Lopez-Quintero et al. 2012_Plants_Lopez_AR-PR_AR";"PR_Lopez-Quintero et al. 2012_Plants_Lopez"
"McNamara et al. 2012_McNamara Laos fallow_FH1_NA";"PR_McNamara et al. 2012_McNamara Laos fallow"
"McNamara et al. 2012_McNamara Laos fallow_FH2_NA";"PR_McNamara et al. 2012_McNamara Laos fallow"
"McNamara et al. 2012_McNamara Laos fallow_FH3_NA";"PR_McNamara et al. 2012_McNamara Laos fallow"
"McNamara et al. 2012_McNamara Laos fallow_FH4_NA";"PR_McNamara et al. 2012_McNamara Laos fallow"
"McNamara et al. 2012_McNamara Laos fallow_FH5_NA";"PR_McNamara et al. 2012_McNamara Laos fallow"
"McNamara et al. 2012_McNamara Laos fallow_FH6_NA";"PR_McNamara et al. 2012_McNamara Laos fallow"
"McNamara et al. 2012_McNamara Laos fallow_FL1_NA";"PR_McNamara et al. 2012_McNamara Laos fallow"
"McNamara et al. 2012_McNamara Laos fallow_FL2_NA";"PR_McNamara et al. 2012_McNamara Laos fallow"
"McNamara et al. 2012_McNamara Laos fallow_FL3_NA";"PR_McNamara et al. 2012_McNamara Laos fallow"
"McNamara et al. 2012_McNamara Laos fallow_FL4_NA";"PR_McNamara et al. 2012_McNamara Laos fallow"
"McNamara et al. 2012_McNamara Laos fallow_FL5_NA";"PR_McNamara et al. 2012_McNamara Laos fallow"
"McNamara et al. 2012_McNamara Laos fallow_FL6_NA";"PR_McNamara et al. 2012_McNamara Laos fallow"
"McNamara et al. 2012_McNamara Laos fallow_RF1_NA";"PR_McNamara et al. 2012_McNamara Laos fallow"
"McNamara et al. 2012_McNamara Laos fallow_RF2_NA";"PR_McNamara et al. 2012_McNamara Laos fallow"
"McNamara et al. 2012_McNamara Laos fallow_RF3_NA";"PR_McNamara et al. 2012_McNamara Laos fallow"
"McNamara et al. 2012_McNamara Laos fallow_RF4_NA";"PR_McNamara et al. 2012_McNamara Laos fallow"
"McNamara et al. 2012_McNamara Laos fallow_RF5_NA";"PR_McNamara et al. 2012_McNamara Laos fallow"
"McNamara et al. 2012_McNamara Laos fallow_RF6_NA";"PR_McNamara et al. 2012_McNamara Laos fallow"
"Noske et al. 2008_Epiphytes Ecuador_M1_NA";"PR_Noske et al. 2008_Epiphytes Ecuador"
"Noske et al. 2008_Epiphytes Ecuador_M2_NA";"PR_Noske et al. 2008_Epiphytes Ecuador"
"Noske et al. 2008_Epiphytes Ecuador_R1_NA";"PR_Noske et al. 2008_Epiphytes Ecuador"
"Noske et al. 2008_Epiphytes Ecuador_R2_NA";"PR_Noske et al. 2008_Epiphytes Ecuador"
"Sheil et al. 2002_CIFOR_Indonesia_herbs_100_NA";"PR_Sheil et al. 2002_CIFOR_Indonesia_herbs"
"Sheil et al. 2002_CIFOR_Indonesia_herbs_103_NA";"PR_Sheil et al. 2002_CIFOR_Indonesia_herbs"
"Sheil et al. 2002_CIFOR_Indonesia_herbs_106_NA";"PR_Sheil et al. 2002_CIFOR_Indonesia_herbs"
"Sheil et al. 2002_CIFOR_Indonesia_herbs_107_NA";"PR_Sheil et al. 2002_CIFOR_Indonesia_herbs"
"Sheil et al. 2002_CIFOR_Indonesia_herbs_109_NA";"PR_Sheil et al. 2002_CIFOR_Indonesia_herbs"
"Sheil et al. 2002_CIFOR_Indonesia_herbs_110_NA";"PR_Sheil et al. 2002_CIFOR_Indonesia_herbs"
"Sheil et al. 2002_CIFOR_Indonesia_herbs_112_NA";"PR_Sheil et al. 2002_CIFOR_Indonesia_herbs"
"Sheil et al. 2002_CIFOR_Indonesia_herbs_113_NA";"PR_Sheil et al. 2002_CIFOR_Indonesia_herbs"
"Sheil et al. 2002_CIFOR_Indonesia_herbs_114_NA";"PR_Sheil et al. 2002_CIFOR_Indonesia_herbs"
"Sheil et al. 2002_CIFOR_Indonesia_herbs_115_NA";"PR_Sheil et al. 2002_CIFOR_Indonesia_herbs"
"Sheil et al. 2002_CIFOR_Indonesia_herbs_116_NA";"PR_Sheil et al. 2002_CIFOR_Indonesia_herbs"
"Sheil et al. 2002_CIFOR_Indonesia_herbs_117_NA";"PR_Sheil et al. 2002_CIFOR_Indonesia_herbs"
"Sheil et al. 2002_CIFOR_Indonesia_herbs_121_NA";"PR_Sheil et al. 2002_CIFOR_Indonesia_herbs"
"Sheil et al. 2002_CIFOR_Indonesia_herbs_123_NA";"PR_Sheil et al. 2002_CIFOR_Indonesia_herbs"
"Sheil et al. 2002_CIFOR_Indonesia_herbs_124_NA";"PR_Sheil et al. 2002_CIFOR_Indonesia_herbs"
"Sheil et al. 2002_CIFOR_Indonesia_herbs_127_NA";"PR_Sheil et al. 2002_CIFOR_Indonesia_herbs"
"Sheil et al. 2002_CIFOR_Indonesia_herbs_128_NA";"PR_Sheil et al. 2002_CIFOR_Indonesia_herbs"
"Sheil et al. 2002_CIFOR_Indonesia_herbs_130_NA";"PR_Sheil et al. 2002_CIFOR_Indonesia_herbs"
"Sheil et al. 2002_CIFOR_Indonesia_herbs_131_NA";"PR_Sheil et al. 2002_CIFOR_Indonesia_herbs"
"Sheil et al. 2002_CIFOR_Indonesia_herbs_132_NA";"PR_Sheil et al. 2002_CIFOR_Indonesia_herbs"
"Sheil et al. 2002_CIFOR_Indonesia_herbs_133_NA";"PR_Sheil et al. 2002_CIFOR_Indonesia_herbs"
"Sheil et al. 2002_CIFOR_Indonesia_herbs_134_NA";"PR_Sheil et al. 2002_CIFOR_Indonesia_herbs"
"Sheil et al. 2002_CIFOR_Indonesia_herbs_135_NA";"PR_Sheil et al. 2002_CIFOR_Indonesia_herbs"
"Sheil et al. 2002_CIFOR_Indonesia_herbs_136_NA";"PR_Sheil et al. 2002_CIFOR_Indonesia_herbs"
"Sheil et al. 2002_CIFOR_Indonesia_herbs_137_NA";"PR_Sheil et al. 2002_CIFOR_Indonesia_herbs"
"Sheil et al. 2002_CIFOR_Indonesia_herbs_138_NA";"PR_Sheil et al. 2002_CIFOR_Indonesia_herbs"
"Sheil et al. 2002_CIFOR_Indonesia_herbs_139_NA";"PR_Sheil et al. 2002_CIFOR_Indonesia_herbs"
"Sheil et al. 2002_CIFOR_Indonesia_herbs_140_NA";"PR_Sheil et al. 2002_CIFOR_Indonesia_herbs"
"Sheil et al. 2002_CIFOR_Indonesia_herbs_141_NA";"PR_Sheil et al. 2002_CIFOR_Indonesia_herbs"
"Sheil et al. 2002_CIFOR_Indonesia_herbs_142_NA";"PR_Sheil et al. 2002_CIFOR_Indonesia_herbs"
"Sheil et al. 2002_CIFOR_Indonesia_herbs_143_NA";"PR_Sheil et al. 2002_CIFOR_Indonesia_herbs"
"Sheil et al. 2002_CIFOR_Indonesia_herbs_144_NA";"PR_Sheil et al. 2002_CIFOR_Indonesia_herbs"
"Sheil et al. 2002_CIFOR_Indonesia_herbs_145_NA";"PR_Sheil et al. 2002_CIFOR_Indonesia_herbs"
"Sheil et al. 2002_CIFOR_Indonesia_herbs_146_NA";"PR_Sheil et al. 2002_CIFOR_Indonesia_herbs"
"Sheil et al. 2002_CIFOR_Indonesia_herbs_147_NA";"PR_Sheil et al. 2002_CIFOR_Indonesia_herbs"
"Sheil et al. 2002_CIFOR_Indonesia_herbs_148_NA";"PR_Sheil et al. 2002_CIFOR_Indonesia_herbs"
"Sheil et al. 2002_CIFOR_Indonesia_herbs_149_NA";"PR_Sheil et al. 2002_CIFOR_Indonesia_herbs"
"Sheil et al. 2002_CIFOR_Indonesia_herbs_150_NA";"PR_Sheil et al. 2002_CIFOR_Indonesia_herbs"
"Sheil et al. 2002_CIFOR_Indonesia_herbs_151_NA";"PR_Sheil et al. 2002_CIFOR_Indonesia_herbs"
"Sheil et al. 2002_CIFOR_Indonesia_herbs_152_NA";"PR_Sheil et al. 2002_CIFOR_Indonesia_herbs"
"Sheil et al. 2002_CIFOR_Indonesia_herbs_153_NA";"PR_Sheil et al. 2002_CIFOR_Indonesia_herbs"
"Sheil et al. 2002_CIFOR_Indonesia_herbs_154_NA";"PR_Sheil et al. 2002_CIFOR_Indonesia_herbs"
"Sheil et al. 2002_CIFOR_Indonesia_herbs_156_NA";"PR_Sheil et al. 2002_CIFOR_Indonesia_herbs"
"Sheil et al. 2002_CIFOR_Indonesia_herbs_157_NA";"PR_Sheil et al. 2002_CIFOR_Indonesia_herbs"
"Sheil et al. 2002_CIFOR_Indonesia_herbs_158_NA";"PR_Sheil et al. 2002_CIFOR_Indonesia_herbs"
"Sheil et al. 2002_CIFOR_Indonesia_herbs_159_NA";"PR_Sheil et al. 2002_CIFOR_Indonesia_herbs"
"Sheil et al. 2002_CIFOR_Indonesia_herbs_160_NA";"PR_Sheil et al. 2002_CIFOR_Indonesia_herbs"
"Sheil et al. 2002_CIFOR_Indonesia_herbs_163_NA";"PR_Sheil et al. 2002_CIFOR_Indonesia_herbs"
"Sheil et al. 2002_CIFOR_Indonesia_herbs_165_NA";"PR_Sheil et al. 2002_CIFOR_Indonesia_herbs"
"Sheil et al. 2002_CIFOR_Indonesia_herbs_168_NA";"PR_Sheil et al. 2002_CIFOR_Indonesia_herbs"
"Sheil et al. 2002_CIFOR_Indonesia_herbs_169_NA";"PR_Sheil et al. 2002_CIFOR_Indonesia_herbs"
"Sheil et al. 2002_CIFOR_Indonesia_herbs_170_NA";"PR_Sheil et al. 2002_CIFOR_Indonesia_herbs"
"Sheil et al. 2002_CIFOR_Indonesia_herbs_171_NA";"PR_Sheil et al. 2002_CIFOR_Indonesia_herbs"
"Sheil et al. 2002_CIFOR_Indonesia_herbs_172_NA";"PR_Sheil et al. 2002_CIFOR_Indonesia_herbs"
"Sheil et al. 2002_CIFOR_Indonesia_herbs_175_NA";"PR_Sheil et al. 2002_CIFOR_Indonesia_herbs"
"Sheil et al. 2002_CIFOR_Indonesia_herbs_177_NA";"PR_Sheil et al. 2002_CIFOR_Indonesia_herbs"
"Sheil et al. 2002_CIFOR_Indonesia_herbs_179_NA";"PR_Sheil et al. 2002_CIFOR_Indonesia_herbs"
"Sheil et al. 2002_CIFOR_Indonesia_herbs_180_NA";"PR_Sheil et al. 2002_CIFOR_Indonesia_herbs"
"Sheil et al. 2002_CIFOR_Indonesia_herbs_181_NA";"PR_Sheil et al. 2002_CIFOR_Indonesia_herbs"
"Sheil et al. 2002_CIFOR_Indonesia_herbs_182_NA";"PR_Sheil et al. 2002_CIFOR_Indonesia_herbs"
"Sheil et al. 2002_CIFOR_Indonesia_herbs_183_NA";"PR_Sheil et al. 2002_CIFOR_Indonesia_herbs"
"Sheil et al. 2002_CIFOR_Indonesia_herbs_184_NA";"PR_Sheil et al. 2002_CIFOR_Indonesia_herbs"
"Sheil et al. 2002_CIFOR_Indonesia_herbs_185_NA";"PR_Sheil et al. 2002_CIFOR_Indonesia_herbs"
"Sheil et al. 2002_CIFOR_Indonesia_herbs_186_NA";"PR_Sheil et al. 2002_CIFOR_Indonesia_herbs"
"Sheil et al. 2002_CIFOR_Indonesia_herbs_187_NA";"PR_Sheil et al. 2002_CIFOR_Indonesia_herbs"
"Sheil et al. 2002_CIFOR_Indonesia_herbs_194_NA";"PR_Sheil et al. 2002_CIFOR_Indonesia_herbs"
"Sheil et al. 2002_CIFOR_Indonesia_herbs_198_NA";"PR_Sheil et al. 2002_CIFOR_Indonesia_herbs"
"Sheil et al. 2002_CIFOR_Indonesia_herbs_199_NA";"PR_Sheil et al. 2002_CIFOR_Indonesia_herbs"
"Sheil et al. 2002_CIFOR_Indonesia_herbs_59_NA";"PR_Sheil et al. 2002_CIFOR_Indonesia_herbs"
"Sheil et al. 2002_CIFOR_Indonesia_herbs_61_NA";"PR_Sheil et al. 2002_CIFOR_Indonesia_herbs"
"Sheil et al. 2002_CIFOR_Indonesia_herbs_62_NA";"PR_Sheil et al. 2002_CIFOR_Indonesia_herbs"
